{
    "1": 0.0001399517059326172,
    "2": 0.00021028518676757812,
    "3": 0.00018310546875,
    "4": 0.00030112266540527344,
    "5": 0.0005400180816650391,
    "6": 0.0012960433959960938,
    "7": 0.0023207664489746094,
    "8": 0.007992029190063477,
    "9": 0.021296262741088867,
    "10": 0.07554507255554199,
    "11": 0.40015697479248047,
    "12": 2.3257992267608643,
    "13": 14.154494762420654,
    "14": 89.37730717658997
}