{
    "1": 0.002585887908935547,
    "2": 7.081031799316406e-05,
    "3": 0.00021386146545410156,
    "4": 0.0003101825714111328,
    "5": 0.0005469322204589844,
    "6": 0.0010228157043457031,
    "7": 0.002393007278442383,
    "8": 0.007467031478881836,
    "9": 0.021100997924804688,
    "10": 0.0763089656829834,
    "11": 0.39534807205200195,
    "12": 2.3348889350891113,
    "13": 14.194477796554565,
    "14": 89.34700989723206
}