{
    "1": 0.0012969970703125,
    "2": 4.00543212890625e-05,
    "3": 8.511543273925781e-05,
    "4": 0.00015783309936523438,
    "5": 0.0002911090850830078,
    "6": 0.0006430149078369141,
    "7": 0.001728057861328125,
    "8": 0.005338907241821289,
    "9": 0.019160985946655273,
    "10": 0.07558989524841309,
    "11": 0.3974599838256836,
    "12": 2.3449950218200684,
    "13": 14.18917202949524,
    "14": 89.4878580570221
}