{
    "1": 0.0,
    "2": 0.0,
    "3": 0.0,
    "4": 0.0010018348693847656,
    "5": 0.0,
    "6": 0.0009982585906982422,
    "7": 0.0010075569152832031,
    "8": 0.004001140594482422,
    "9": 0.020003080368041992,
    "10": 0.08399319648742676,
    "11": 0.42211389541625977,
    "12": 2.4031546115875244,
    "13": 14.84062385559082
}