{
    "1": 0.0008237361907958984,
    "2": 3.719329833984375e-05,
    "3": 9.703636169433594e-05,
    "4": 0.00014781951904296875,
    "5": 0.00028204917907714844,
    "6": 0.0006079673767089844,
    "7": 0.0015816688537597656,
    "8": 0.005205869674682617,
    "9": 0.02255105972290039,
    "10": 0.07735395431518555,
    "11": 0.39996862411499023,
    "12": 2.3308632373809814,
    "13": 14.211578130722046,
    "14": 90.1066541671753
}