{
    "1": 0.002753019332885742,
    "2": 8.678436279296875e-05,
    "3": 0.00021910667419433594,
    "4": 0.0002741813659667969,
    "5": 0.0005488395690917969,
    "6": 0.0010030269622802734,
    "7": 0.0021469593048095703,
    "8": 0.0043261051177978516,
    "9": 0.020489931106567383,
    "10": 0.07615303993225098,
    "11": 0.39661407470703125,
    "12": 2.3048739433288574,
    "13": 14.18299412727356,
    "14": 89.24669909477234
}