{
    "1": 0.002312898635864258,
    "2": 7.557868957519531e-05,
    "3": 0.00013899803161621094,
    "4": 0.0002732276916503906,
    "5": 0.00040721893310546875,
    "6": 0.001010894775390625,
    "7": 0.0025548934936523438,
    "8": 0.00774383544921875,
    "9": 0.02117300033569336,
    "10": 0.07664275169372559,
    "11": 0.3966526985168457,
    "12": 2.3263559341430664,
    "13": 14.18245005607605,
    "14": 93.34727096557617
}