{
    "1": 0.001964092254638672,
    "2": 7.390975952148438e-05,
    "3": 0.00015878677368164062,
    "4": 0.00024199485778808594,
    "5": 0.0004508495330810547,
    "6": 0.000881195068359375,
    "7": 0.0025331974029541016,
    "8": 0.0073070526123046875,
    "9": 0.02042078971862793,
    "10": 0.0767967700958252,
    "11": 0.4010281562805176,
    "12": 2.3316500186920166,
    "13": 14.18469500541687,
    "14": 90.57898616790771
}