{
    "1": 0.0,
    "2": 0.0,
    "3": 0.0,
    "4": 0.0,
    "5": 0.0,
    "6": 0.0010013580322265625,
    "7": 0.0010120868682861328,
    "8": 0.0039997100830078125,
    "9": 0.017997026443481445,
    "10": 0.08416604995727539,
    "11": 0.4269700050354004,
    "12": 2.392932415008545,
    "13": 14.812437057495117,
    "14": 93.5392062664032
}