{
    "1": 0.0017521381378173828,
    "2": 5.4836273193359375e-05,
    "3": 0.00015401840209960938,
    "4": 0.0002491474151611328,
    "5": 0.0004658699035644531,
    "6": 0.0009751319885253906,
    "7": 0.002665996551513672,
    "8": 0.006651878356933594,
    "9": 0.023136138916015625,
    "10": 0.0776817798614502,
    "11": 0.40398216247558594,
    "12": 2.345430850982666,
    "13": 14.134104251861572,
    "14": 89.223623752594
}