{
    "1": 0.0019240379333496094,
    "2": 0.00010180473327636719,
    "3": 0.0001537799835205078,
    "4": 0.0002608299255371094,
    "5": 0.0004930496215820312,
    "6": 0.0010309219360351562,
    "7": 0.002421140670776367,
    "8": 0.007636070251464844,
    "9": 0.021883010864257812,
    "10": 0.0768129825592041,
    "11": 0.3987140655517578,
    "12": 2.332409143447876,
    "13": 14.220993995666504,
    "14": 92.14597797393799
}