{
    "1": 0.0028829574584960938,
    "2": 9.202957153320312e-05,
    "3": 0.00017571449279785156,
    "4": 0.0003001689910888672,
    "5": 0.00044608116149902344,
    "6": 0.000865936279296875,
    "7": 0.0024399757385253906,
    "8": 0.008168935775756836,
    "9": 0.021111011505126953,
    "10": 0.07597613334655762,
    "11": 0.3987569808959961,
    "12": 2.3444957733154297,
    "13": 14.258212089538574,
    "14": 89.42897200584412
}